Type,Date,Part of a policing operation,Policing operation,Latitude,Longitude,Gender,Age range,Self-defined ethnicity,Officer-defined ethnicity,Legislation,Object of search,Outcome,Outcome linked to object of search,Removal of more than just outer clothing
Person and Vehicle search,2026-02-01T03:16:00+00:00,,,,,Male,25-34,Black/African/Caribbean/Black British - African,Black,Misuse of Drugs Act 1971 (section 23),Controlled drugs,A no further action disposal,True,False
Person search,2026-02-01T16:10:00+00:00,,,51.531738,-0.085750,Male,10-17,Other ethnic group - Not stated,Black,Firearms Act 1968 (section 47),Firearms,A no further action disposal,False,False
Person search,2026-02-02T17:44:00+00:00,,,51.517296,-0.081902,Male,18-24,White - English/Welsh/Scottish/Northern Irish/British,White,Police and Criminal Evidence Act 1984 (section 1),Stolen goods,Community resolution,True,False
Person search,2026-02-03T15:10:00+00:00,,,51.513647,-0.074330,Female,over 34,White - English/Welsh/Scottish/Northern Irish/British,White,Police and Criminal Evidence Act 1984 (section 1),Stolen goods,Arrest,True,False
Person search,2026-02-04T00:45:00+00:00,,,,,Male,,Other ethnic group - Not stated,Black,Firearms Act 1968 (section 47),Firearms,A no further action disposal,False,False
Person search,2026-02-04T10:30:00+00:00,,,51.512642,-0.076145,Male,over 34,Asian/Asian British - Bangladeshi,Asian,Police and Criminal Evidence Act 1984 (section 1),Article for use in theft,A no further action disposal,True,False
Person search,2026-02-05T15:19:00+00:00,,,51.512105,-0.085089,Male,18-24,Asian/Asian British - Any other Asian background,Other,Police and Criminal Evidence Act 1984 (section 1),Stolen goods,A no further action disposal,False,False
Person search,2026-02-05T17:30:00+00:00,,,51.517785,-0.079907,Male,25-34,White - Any other White background,White,Police and Criminal Evidence Act 1984 (section 1),Article for use in theft,A no further action disposal,False,False
Person search,2026-02-05T19:25:00+00:00,,,51.522012,-0.109842,Male,25-34,Black/African/Caribbean/Black British - Caribbean,Black,Misuse of Drugs Act 1971 (section 23),Controlled drugs,A no further action disposal,False,False
Person search,2026-02-05T19:30:00+00:00,,,51.509607,-0.079127,Male,25-34,Asian/Asian British - Any other Asian background,Asian,Misuse of Drugs Act 1971 (section 23),Controlled drugs,A no further action disposal,False,False
Person search,2026-02-05T19:33:00+00:00,,,51.522012,-0.109842,Female,18-24,Mixed/Multiple ethnic groups - Any other Mixed/Multiple ethnic background,Black,Misuse of Drugs Act 1971 (section 23),Controlled drugs,A no further action disposal,True,False
Person and Vehicle search,2026-02-05T19:40:00+00:00,,,51.509607,-0.079127,Male,over 34,White - English/Welsh/Scottish/Northern Irish/British,White,Misuse of Drugs Act 1971 (section 23),Controlled drugs,A no further action disposal,True,False
Person search,2026-02-05T19:40:00+00:00,,,51.509607,-0.079127,Male,25-34,Asian/Asian British - Any other Asian background,Asian,Misuse of Drugs Act 1971 (section 23),Controlled drugs,A no further action disposal,False,False
Person search,2026-02-05T19:45:00+00:00,,,51.509607,-0.079127,Male,over 34,White - Any other White background,White,Misuse of Drugs Act 1971 (section 23),Controlled drugs,A no further action disposal,False,False
Person search,2026-02-05T20:58:00+00:00,,,51.512105,-0.085089,Male,18-24,White - Any other White background,White,Misuse of Drugs Act 1971 (section 23),Controlled drugs,Arrest,True,False
Person and Vehicle search,2026-02-06T00:25:00+00:00,,,51.515225,-0.069709,Male,25-34,Other ethnic group - Not stated,Asian,Misuse of Drugs Act 1971 (section 23),Controlled drugs,A no further action disposal,False,False
Person search,2026-02-06T00:35:00+00:00,,,,,Male,18-24,Asian/Asian British - Bangladeshi,Asian,Misuse of Drugs Act 1971 (section 23),Controlled drugs,A no further action disposal,False,False
Person search,2026-02-06T15:10:00+00:00,,,51.513736,-0.095224,Female,25-34,Other ethnic group - Not stated,,Police and Criminal Evidence Act 1984 (section 1),Article for use in theft,Arrest,True,False
Person search,2026-02-06T18:05:00+00:00,,,51.511896,-0.091540,Female,over 34,White - English/Welsh/Scottish/Northern Irish/British,White,Misuse of Drugs Act 1971 (section 23),Controlled drugs,Community resolution,True,False
Person search,2026-02-07T01:08:00+00:00,,,51.516869,-0.081113,Male,25-34,Black/African/Caribbean/Black British - Any other Black/African/Caribbean background,Black,Police and Criminal Evidence Act 1984 (section 1),Stolen goods,A no further action disposal,False,False
Person search,2026-02-07T01:15:00+00:00,,,51.517785,-0.079907,Male,25-34,Black/African/Caribbean/Black British - African,Black,Police and Criminal Evidence Act 1984 (section 1),Article for use in theft,A no further action disposal,False,False
Person search,2026-02-07T11:00:00+00:00,,,51.511896,-0.091540,Male,over 34,White - Any other White background,White,Police and Criminal Evidence Act 1984 (section 1),Stolen goods,Arrest,True,False
Person and Vehicle search,2026-02-07T16:20:00+00:00,,,51.494833,-0.084170,Male,25-34,White - Any other White background,White,Misuse of Drugs Act 1971 (section 23),Evidence of offences under the Act,Arrest,True,False
Person search,2026-02-07T22:43:00+00:00,,,51.511332,-0.077959,Male,18-24,White - Any other White background,White,Misuse of Drugs Act 1971 (section 23),Controlled drugs,Arrest,True,False
Person search,2026-02-08T03:00:00+00:00,,,51.513631,-0.086019,Male,25-34,Black/African/Caribbean/Black British - African,Black,Police and Criminal Evidence Act 1984 (section 1),Stolen goods,A no further action disposal,False,False
Person search,2026-02-09T09:55:00+00:00,,,51.513188,-0.091947,Male,25-34,Asian/Asian British - Indian,Asian,Police and Criminal Evidence Act 1984 (section 1),Article for use in theft,Community resolution,True,False
Person search,2026-02-09T17:27:00+00:00,,,51.514975,-0.088456,Male,25-34,Black/African/Caribbean/Black British - African,Black,Misuse of Drugs Act 1971 (section 23),Controlled drugs,Arrest,True,False
Person search,2026-02-10T10:22:00+00:00,,,51.516869,-0.081113,Male,over 34,White - English/Welsh/Scottish/Northern Irish/British,White,Police and Criminal Evidence Act 1984 (section 1),Article for use in theft,A no further action disposal,False,False
Person search,2026-02-10T17:04:00+00:00,,,51.515812,-0.077511,Male,over 34,White - English/Welsh/Scottish/Northern Irish/British,White,Police and Criminal Evidence Act 1984 (section 1),Article for use in theft,Arrest,True,False
Person search,2026-02-10T17:45:00+00:00,,,51.512882,-0.084754,Male,over 34,Other ethnic group - Any other ethnic group,Other,Police and Criminal Evidence Act 1984 (section 1),Article for use in theft,A no further action disposal,False,False
Person search,2026-02-10T20:33:00+00:00,,,51.587347,-0.251081,Male,,Other ethnic group - Not stated,White,Firearms Act 1968 (section 47),Firearms,A no further action disposal,False,False
Person search,2026-02-11T15:00:00+00:00,,,51.517007,-0.086815,Male,25-34,Other ethnic group - Not stated,Black,Police and Criminal Evidence Act 1984 (section 1),Stolen goods,A no further action disposal,False,False
Person and Vehicle search,2026-02-11T15:00:00+00:00,,,51.517007,-0.086815,Male,18-24,Black/African/Caribbean/Black British - Any other Black/African/Caribbean background,Black,Misuse of Drugs Act 1971 (section 23),Controlled drugs,Arrest,True,False
Person search,2026-02-11T15:00:00+00:00,,,51.517007,-0.086815,Male,18-24,Black/African/Caribbean/Black British - African,Black,Misuse of Drugs Act 1971 (section 23),Controlled drugs,A no further action disposal,True,False
Person search,2026-02-11T16:00:00+00:00,,,51.513631,-0.086019,Male,25-34,Black/African/Caribbean/Black British - African,Black,Police and Criminal Evidence Act 1984 (section 1),Stolen goods,A no further action disposal,False,False
Person search,2026-02-11T17:40:00+00:00,,,51.512624,-0.087157,Male,25-34,White - Any other White background,Other,Police and Criminal Evidence Act 1984 (section 1),Stolen goods,A no further action disposal,True,False
Person search,2026-02-11T18:05:00+00:00,,,51.510665,-0.087772,Male,25-34,Other ethnic group - Any other ethnic group,Other,Police and Criminal Evidence Act 1984 (section 1),Stolen goods,A no further action disposal,False,False
Person search,2026-02-12T14:37:00+00:00,,,51.513286,-0.100201,Male,18-24,Black/African/Caribbean/Black British - African,Black,Police and Criminal Evidence Act 1984 (section 1),Stolen goods,Community resolution,True,False
Person search,2026-02-12T14:50:00+00:00,,,51.513286,-0.100201,Male,25-34,Other ethnic group - Not stated,White,Police and Criminal Evidence Act 1984 (section 1),Stolen goods,A no further action disposal,False,False
Person and Vehicle search,2026-02-12T19:45:00+00:00,,,51.502339,-0.108884,Male,25-34,White - Any other White background,White,Misuse of Drugs Act 1971 (section 23),Controlled drugs,Arrest,True,False
Person search,2026-02-12T20:00:00+00:00,,,51.513874,-0.096501,Male,10-17,White - Any other White background,White,Misuse of Drugs Act 1971 (section 23),Controlled drugs,Arrest,True,False
Person and Vehicle search,2026-02-13T17:57:00+00:00,,,51.509700,-0.084844,Male,over 34,White - Any other White background,White,Misuse of Drugs Act 1971 (section 23),Controlled drugs,Arrest,True,False
Person search,2026-02-13T20:42:00+00:00,,,51.516212,-0.078849,Male,25-34,Black/African/Caribbean/Black British - Any other Black/African/Caribbean background,Black,Misuse of Drugs Act 1971 (section 23),Controlled drugs,A no further action disposal,True,False
Person search,2026-02-13T20:42:00+00:00,,,51.516212,-0.078849,Male,18-24,Asian/Asian British - Any other Asian background,Asian,Misuse of Drugs Act 1971 (section 23),Controlled drugs,A no further action disposal,True,False
Person search,2026-02-14T12:18:00+00:00,,,51.513286,-0.100201,Male,18-24,Other ethnic group - Not stated,White,Police and Criminal Evidence Act 1984 (section 1),Offensive weapons,A no further action disposal,True,False
Person search,2026-02-14T22:06:00+00:00,,,,,Male,25-34,White - English/Welsh/Scottish/Northern Irish/British,White,Misuse of Drugs Act 1971 (section 23),Controlled drugs,A no further action disposal,False,False
Person search,2026-02-14T22:06:00+00:00,,,51.512642,-0.076145,Male,over 34,Other ethnic group - Not stated,White,Misuse of Drugs Act 1971 (section 23),Controlled drugs,A no further action disposal,False,False
Person search,2026-02-15T16:41:00+00:00,,,51.520483,-0.091498,Male,over 34,Black/African/Caribbean/Black British - African,Black,Misuse of Drugs Act 1971 (section 23),Controlled drugs,A no further action disposal,False,False
Person search,2026-02-15T16:58:00+00:00,,,51.520483,-0.091498,Female,over 34,Black/African/Caribbean/Black British - Caribbean,Black,Misuse of Drugs Act 1971 (section 23),Controlled drugs,A no further action disposal,False,False
Person and Vehicle search,2026-02-16T05:20:00+00:00,,,,,Male,18-24,Asian/Asian British - Bangladeshi,Asian,Misuse of Drugs Act 1971 (section 23),Controlled drugs,Arrest,True,False
Person and Vehicle search,2026-02-16T12:20:00+00:00,,,51.510623,-0.126987,Male,over 34,White - Any other White background,White,Misuse of Drugs Act 1971 (section 23),Controlled drugs,A no further action disposal,False,False
Person and Vehicle search,2026-02-16T12:20:00+00:00,,,51.510623,-0.126987,Male,over 34,White - Any other White background,White,Misuse of Drugs Act 1971 (section 23),Controlled drugs,A no further action disposal,True,False
Person search,2026-02-16T16:17:00+00:00,,,,,Male,25-34,White - English/Welsh/Scottish/Northern Irish/British,White,Police and Criminal Evidence Act 1984 (section 1),Stolen goods,A no further action disposal,False,False
Person search,2026-02-17T11:45:00+00:00,,,51.512642,-0.076145,Male,25-34,Mixed/Multiple ethnic groups - Any other Mixed/Multiple ethnic background,Other,Police and Criminal Evidence Act 1984 (section 1),Offensive weapons,A no further action disposal,False,False
Person and Vehicle search,2026-02-17T19:48:00+00:00,,,51.535936,-0.116806,Male,18-24,Black/African/Caribbean/Black British - African,Black,Police and Criminal Evidence Act 1984 (section 1),Offensive weapons,A no further action disposal,False,False
Person search,2026-02-18T18:15:00+00:00,,,51.519689,-0.098017,Male,10-17,White - Any other White background,White,Police and Criminal Evidence Act 1984 (section 1),Evidence of offences under the Act,A no further action disposal,False,False
Person search,2026-02-18T18:20:00+00:00,,,51.519689,-0.098017,Male,10-17,Asian/Asian British - Any other Asian background,Other,Police and Criminal Evidence Act 1984 (section 1),Evidence of offences under the Act,A no further action disposal,False,False
Person search,2026-02-19T18:17:00+00:00,,,51.512882,-0.084754,Male,over 34,White - Any other White background,White,Police and Criminal Evidence Act 1984 (section 1),Stolen goods,Arrest,True,False
Person search,2026-02-19T18:23:00+00:00,,,51.512882,-0.084754,Male,over 34,White - Any other White background,White,Police and Criminal Evidence Act 1984 (section 1),Stolen goods,A no further action disposal,False,False
Person search,2026-02-19T19:37:00+00:00,,,51.513896,-0.108448,Male,10-17,Other ethnic group - Any other ethnic group,Asian,Police and Criminal Evidence Act 1984 (section 1),Offensive weapons,A no further action disposal,False,False
Person search,2026-02-19T19:38:00+00:00,,,51.513313,-0.107997,Male,10-17,Other ethnic group - Not stated,Asian,Police and Criminal Evidence Act 1984 (section 1),Offensive weapons,A no further action disposal,False,False
Person search,2026-02-19T19:38:00+00:00,,,51.513313,-0.107997,Male,10-17,Asian/Asian British - Any other Asian background,Asian,Police and Criminal Evidence Act 1984 (section 1),Offensive weapons,A no further action disposal,False,False
Person search,2026-02-19T19:42:00+00:00,,,51.513313,-0.107997,Male,10-17,Other ethnic group - Not stated,Asian,Police and Criminal Evidence Act 1984 (section 1),Offensive weapons,A no further action disposal,False,False
Person search,2026-02-19T20:10:00+00:00,,,,,Male,18-24,Other ethnic group - Any other ethnic group,,Police and Criminal Evidence Act 1984 (section 1),Stolen goods,A no further action disposal,False,False
Person search,2026-02-19T20:28:00+00:00,,,51.509872,-0.092633,Male,18-24,Mixed/Multiple ethnic groups - Any other Mixed/Multiple ethnic background,Other,Police and Criminal Evidence Act 1984 (section 1),Stolen goods,A no further action disposal,True,False
Person and Vehicle search,2026-02-20T11:40:00+00:00,,,51.511022,-0.119880,Male,over 34,Mixed/Multiple ethnic groups - White and Black Caribbean,Black,Misuse of Drugs Act 1971 (section 23),Controlled drugs,Arrest,True,False
Person search,2026-02-20T17:19:00+00:00,,,51.513736,-0.095224,Male,over 34,Other ethnic group - Not stated,Asian,Police and Criminal Evidence Act 1984 (section 1),Article for use in theft,Arrest,True,False
Person and Vehicle search,2026-02-20T22:15:00+00:00,,,51.517461,-0.089808,Male,25-34,White - Any other White background,White,Misuse of Drugs Act 1971 (section 23),Controlled drugs,A no further action disposal,False,False
Person search,2026-02-20T22:21:00+00:00,,,51.517461,-0.089808,Male,,White - Any other White background,White,Misuse of Drugs Act 1971 (section 23),Evidence of offences under the Act,A no further action disposal,False,False
Person search,2026-02-21T00:52:00+00:00,,,,,Male,over 34,White - Any other White background,White,Misuse of Drugs Act 1971 (section 23),Evidence of offences under the Act,A no further action disposal,True,False
Person and Vehicle search,2026-02-23T00:50:00+00:00,,,51.515894,-0.075922,Male,,Other ethnic group - Not stated,Black,Police and Criminal Evidence Act 1984 (section 1),Articles for use in criminal damage,A no further action disposal,False,False
Person search,2026-02-23T01:00:00+00:00,,,,,Male,,Other ethnic group - Not stated,Black,Police and Criminal Evidence Act 1984 (section 1),Articles for use in criminal damage,A no further action disposal,False,False
Person search,2026-02-23T14:15:00+00:00,,,51.540016,-0.249580,Female,over 34,White - Any other White background,White,Misuse of Drugs Act 1971 (section 23),Controlled drugs,Arrest,True,False
Person search,2026-02-23T18:50:00+00:00,,,51.512105,-0.085089,Male,25-34,Other ethnic group - Not stated,White,Police and Criminal Evidence Act 1984 (section 1),Article for use in theft,Arrest,True,False
Person search,2026-02-23T23:05:00+00:00,,,,,Male,over 34,Black/African/Caribbean/Black British - Caribbean,Black,Police and Criminal Evidence Act 1984 (section 1),Stolen goods,A no further action disposal,True,False
Person search,2026-02-23T23:30:00+00:00,,,51.529311,-0.119428,Male,18-24,Other ethnic group - Not stated,White,Firearms Act 1968 (section 47),Firearms,A no further action disposal,False,False
Person search,2026-02-23T23:31:00+00:00,,,51.529034,-0.117639,Male,10-17,White - English/Welsh/Scottish/Northern Irish/British,White,Firearms Act 1968 (section 47),Firearms,A no further action disposal,False,False
Person and Vehicle search,2026-02-24T02:35:00+00:00,,,51.512624,-0.087157,Male,over 34,White - Any other White background,White,Misuse of Drugs Act 1971 (section 23),Controlled drugs,Arrest,True,False
Person search,2026-02-24T10:50:00+00:00,,,51.517461,-0.089808,Male,over 34,White - Any other White background,White,Police and Criminal Evidence Act 1984 (section 1),Article for use in theft,A no further action disposal,False,False
Person search,2026-02-24T12:41:00+00:00,,,51.514770,-0.101292,Male,25-34,White - Any other White background,White,Misuse of Drugs Act 1971 (section 23),Controlled drugs,A no further action disposal,False,False
Person search,2026-02-24T19:53:00+00:00,,,51.513079,-0.094070,Male,25-34,Other ethnic group - Not stated,Other,Police and Criminal Evidence Act 1984 (section 1),Stolen goods,A no further action disposal,True,False
Person search,2026-02-25T00:15:00+00:00,,,,,Male,10-17,Black/African/Caribbean/Black British - Caribbean,Black,Police and Criminal Evidence Act 1984 (section 1),Offensive weapons,Arrest,True,False
Person search,2026-02-25T00:15:00+00:00,,,,,Male,10-17,Other ethnic group - Not stated,White,Police and Criminal Evidence Act 1984 (section 1),Offensive weapons,Arrest,True,False
Person and Vehicle search,2026-02-25T03:50:00+00:00,,,51.515383,-0.078783,Male,18-24,Other ethnic group - Any other ethnic group,Other,Misuse of Drugs Act 1971 (section 23),Controlled drugs,A no further action disposal,False,False
Person search,2026-02-25T15:00:00+00:00,,,,,Male,18-24,Other ethnic group - Any other ethnic group,Other,Misuse of Drugs Act 1971 (section 23),Controlled drugs,A no further action disposal,False,False
Person search,2026-02-26T03:31:00+00:00,,,51.516869,-0.081113,Male,18-24,Black/African/Caribbean/Black British - African,Black,Police and Criminal Evidence Act 1984 (section 1),Stolen goods,A no further action disposal,False,False
Person search,2026-02-26T10:06:00+00:00,,,51.512105,-0.085089,Male,25-34,White - English/Welsh/Scottish/Northern Irish/British,White,Police and Criminal Evidence Act 1984 (section 1),Stolen goods,A no further action disposal,False,False
Person search,2026-02-26T10:56:00+00:00,,,51.517296,-0.081902,Male,,White - Any other White background,White,Police and Criminal Evidence Act 1984 (section 1),Offensive weapons,A no further action disposal,False,False
Person search,2026-02-26T10:56:00+00:00,,,,,Male,,Other ethnic group - Not stated,White,Police and Criminal Evidence Act 1984 (section 1),Offensive weapons,A no further action disposal,False,False
Person search,2026-02-26T11:05:00+00:00,,,,,Male,,Other ethnic group - Not stated,White,Police and Criminal Evidence Act 1984 (section 1),Offensive weapons,A no further action disposal,False,False
Person search,2026-02-26T20:00:00+00:00,,,51.511196,-0.079521,Male,,Asian/Asian British - Indian,Asian,Misuse of Drugs Act 1971 (section 23),Evidence of offences under the Act,A no further action disposal,True,True
Person search,2026-02-26T21:20:00+00:00,,,51.535368,-0.068021,Male,,Other ethnic group - Not stated,White,Firearms Act 1968 (section 47),Firearms,A no further action disposal,False,False
Person and Vehicle search,2026-02-27T00:24:00+00:00,,,,,Male,18-24,Asian/Asian British - Bangladeshi,Asian,Misuse of Drugs Act 1971 (section 23),Evidence of offences under the Act,A no further action disposal,False,False
Person search,2026-02-27T00:26:00+00:00,,,,,Male,,Other ethnic group - Not stated,Asian,Misuse of Drugs Act 1971 (section 23),Controlled drugs,A no further action disposal,False,False
Person search,2026-02-27T11:03:00+00:00,,,,,Male,over 34,White - English/Welsh/Scottish/Northern Irish/British,White,Police and Criminal Evidence Act 1984 (section 1),Stolen goods,A no further action disposal,False,False
Person search,2026-02-27T11:05:00+00:00,,,,,Male,over 34,White - English/Welsh/Scottish/Northern Irish/British,White,Police and Criminal Evidence Act 1984 (section 1),Article for use in theft,A no further action disposal,False,False
Person search,2026-02-27T15:53:00+00:00,,,51.519045,-0.097078,Male,18-24,Other ethnic group - Not stated,White,Misuse of Drugs Act 1971 (section 23),Controlled drugs,Arrest,True,False
Person search,2026-02-27T19:30:00+00:00,,,51.512033,-0.104980,Male,25-34,Other ethnic group - Any other ethnic group,Other,Police and Criminal Evidence Act 1984 (section 1),Stolen goods,A no further action disposal,False,False
Person search,2026-02-27T19:30:00+00:00,,,51.513712,-0.104276,Male,25-34,Other ethnic group - Not stated,Other,Police and Criminal Evidence Act 1984 (section 1),Article for use in theft,A no further action disposal,True,False
Person and Vehicle search,2026-02-27T22:00:00+00:00,,,51.511896,-0.091540,Male,over 34,White - Any other White background,White,Misuse of Drugs Act 1971 (section 23),Controlled drugs,A no further action disposal,True,False
Person search,2026-02-27T22:55:00+00:00,,,51.510725,-0.084844,Male,25-34,Black/African/Caribbean/Black British - African,Black,Police and Criminal Evidence Act 1984 (section 1),Offensive weapons,A no further action disposal,False,False
Person search,2026-02-28T00:50:00+00:00,,,51.623200,-0.067601,Male,25-34,Black/African/Caribbean/Black British - Any other Black/African/Caribbean background,Black,Firearms Act 1968 (section 47),Firearms,A no further action disposal,True,False
Person and Vehicle search,2026-02-28T16:30:00+00:00,,,51.511196,-0.079521,Male,18-24,Black/African/Caribbean/Black British - Caribbean,Black,Misuse of Drugs Act 1971 (section 23),Controlled drugs,A no further action disposal,False,False
Person search,2026-02-28T17:50:00+00:00,,,51.517656,-0.077563,Male,25-34,White - English/Welsh/Scottish/Northern Irish/British,White,Police and Criminal Evidence Act 1984 (section 1),Article for use in theft,A no further action disposal,False,False
Person search,2026-02-28T17:55:00+00:00,,,51.512105,-0.085089,Male,10-17,White - Any other White background,White,Police and Criminal Evidence Act 1984 (section 1),Stolen goods,A no further action disposal,True,False
Person search,2026-02-28T17:56:00+00:00,,,51.512105,-0.085089,Male,10-17,Other ethnic group - Not stated,White,Police and Criminal Evidence Act 1984 (section 1),Article for use in theft,A no further action disposal,True,False
Person and Vehicle search,2026-02-28T21:27:00+00:00,,,51.515939,-0.073744,Male,18-24,Asian/Asian British - Any other Asian background,Asian,Misuse of Drugs Act 1971 (section 23),Controlled drugs,A no further action disposal,False,False
Person search,2026-02-28T21:37:00+00:00,,,51.515939,-0.073744,Female,10-17,Asian/Asian British - Bangladeshi,Asian,Misuse of Drugs Act 1971 (section 23),Controlled drugs,A no further action disposal,False,False
Person and Vehicle search,2026-02-28T22:35:00+00:00,,,51.508820,-0.081091,Male,18-24,White - Any other White background,White,Misuse of Drugs Act 1971 (section 23),Controlled drugs,A no further action disposal,True,False
Person and Vehicle search,2026-02-28T22:55:00+00:00,,,,,Male,,Other ethnic group - Not stated,White,Misuse of Drugs Act 1971 (section 23),Controlled drugs,A no further action disposal,False,False
Person and Vehicle search,2026-02-28T22:56:00+00:00,,,51.508820,-0.081091,Male,18-24,White - English/Welsh/Scottish/Northern Irish/British,White,Misuse of Drugs Act 1971 (section 23),Controlled drugs,A no further action disposal,False,False
